pasta;arquivo_original;arquivo_novo;tema;tipo;descricao;pagina_publica_sugerida;duplicata_de
CLARO\1. DASHBOARD;1 DOBRA.png;dashboard--visao-geral--primeira-dobra-clinica-financeiro--claro--pagina--001.png;claro;pagina;Primeira dobra com saudacao agenda indicadores clinicos e financeiros;/produto;
CLARO\1. DASHBOARD;Screenshot 2026-07-16 215607.png;dashboard--visao-geral--fluxo-financeiro-e-pendencias--claro--pagina--002.png;claro;pagina;Continuidade do dashboard com fluxo financeiro pendencias e atividade;/produto;
CLARO\1. DASHBOARD;Screenshot 2026-07-16 215714.png;dashboard--atalho-agendar--etapa-01-atendimento--claro--modal--003.png;claro;modal;Atalho de agendamento na primeira etapa de dados do atendimento;/agenda-para-psicologos;
CLARO\1. DASHBOARD;Screenshot 2026-07-16 215727.png;dashboard--atalho-paciente--novo-prontuario-cadastro-rapido--claro--modal--004.png;claro;modal;Cadastro rapido de paciente e abertura de prontuario pelo dashboard;/pacientes-para-psicologos;
CLARO\1. DASHBOARD;Screenshot 2026-07-16 215816.png;dashboard--synapse--historico-de-conversas-aberto--claro--drawer--005.png;claro;drawer;Synapse aberto com lista de conversas anteriores;/synapse-ai;
CLARO\1. DASHBOARD;Screenshot 2026-07-16 220042.png;dashboard--synapse--chat-rascunho-atestado--claro--drawer--006.png;claro;drawer;Chat Synapse criando um rascunho de atestado dentro do dashboard;/synapse-ai;
CLARO\1. DASHBOARD;Screenshot 2026-07-26 210832.png;dashboard--mensagem-institucional--carrossel-para-quem-cuida--claro--painel--007.png;claro;painel;Cartao institucional do carrossel com mensagem para quem cuida;/;
CLARO\1. DASHBOARD;Screenshot 2026-07-26 210844.png;dashboard--mensagem-institucional--carrossel-reflexao-do-dia--claro--painel--008.png;claro;painel;Cartao institucional do carrossel com reflexao do dia;/;
CLARO\1. DASHBOARD;Screenshot 2026-07-26 211507.png;dashboard--notificacoes--lista-com-acoes-do-item--claro--popover--009.png;claro;popover;Central de notificacoes com menu de acoes de um item;/produto;
CLARO\10. AJUSTES - SEGURANÇA;Screenshot 2026-07-17 012512.png;ajustes--neurofinance--seguranca-pin-e-saude-da-conta--claro--pagina--001.png;claro;pagina;Ajustes de seguranca financeira PIN e saude da conta;/seguranca-e-etica;
CLARO\10. AJUSTES - SEGURANÇA;Screenshot 2026-07-17 012534.png;ajustes--comunicacao--modelo-lembrete-whatsapp--claro--pagina--002.png;claro;pagina;Editor do modelo de lembrete enviado por WhatsApp;/produto;
CLARO\10. AJUSTES - SEGURANÇA;Screenshot 2026-07-17 012558.png;ajustes--login-e-seguranca--2fa-biometria-e-email--claro--pagina--003.png;claro;pagina;Opcoes de autenticacao em dois fatores biometria e email;/seguranca-e-etica;
CLARO\10. AJUSTES - SEGURANÇA;Screenshot 2026-07-17 012658.png;ajustes--integracoes--google-workspace-e-notion-ativos--claro--pagina--004.png;claro;pagina;Integracoes ativas com Google Workspace e Notion;/produto;
CLARO\10. AJUSTES - SEGURANÇA;Screenshot 2026-07-17 012820.png;ajustes--meu-perfil--tooltip-selo-founder--claro--estado--005.png;claro;estado;Perfil profissional exibindo explicacao do selo Founder;/produto;
CLARO\11. ABA DE BUSCA GLOBAL;Screenshot 2026-07-17 012146.png;busca-global--inicio--sugestoes-de-atividade--claro--modal--001.png;claro;modal;Busca global vazia com sugestoes de atividades recentes;/produto;
CLARO\11. ABA DE BUSCA GLOBAL;Screenshot 2026-07-17 012222.png;busca-global--resultados--paciente-e-agendamentos--claro--modal--002.png;claro;modal;Resultados globais agrupados por paciente e agendamentos;/produto;
CLARO\12. PORTAL PACIENTES - MODO CLARO E MODO ESCURO;Screenshot 2026-07-17 155306.png;portal-paciente--inicio--saudacao-e-proximo-agendamento--escuro--pagina--001.png;escuro;pagina;Topo inicial do portal com saudacao e proximo agendamento vazio;/portal-do-paciente;
CLARO\12. PORTAL PACIENTES - MODO CLARO E MODO ESCURO;Screenshot 2026-07-17 155323.png;portal-paciente--inicio--atalhos-e-carrossel-boas-vindas--escuro--pagina--002.png;escuro;pagina;Inicio do portal com atalhos indicadores e carrossel de boas-vindas;/portal-do-paciente;
CLARO\12. PORTAL PACIENTES - MODO CLARO E MODO ESCURO;Screenshot 2026-07-17 155331.png;portal-paciente--inicio--atalhos-e-carrossel-frase-do-dia--escuro--pagina--003.png;escuro;pagina;Inicio do portal com indicadores e cartao de frase do dia;/portal-do-paciente;
CLARO\12. PORTAL PACIENTES - MODO CLARO E MODO ESCURO;Screenshot 2026-07-17 155340.png;portal-paciente--sessoes--agendamentos-sem-sessao-futura--escuro--pagina--004.png;escuro;pagina;Aba de sessoes sem proximo agendamento confirmado;/portal-do-paciente;
CLARO\12. PORTAL PACIENTES - MODO CLARO E MODO ESCURO;Screenshot 2026-07-26 215939.png;portal-paciente--sessoes--historico-de-sessoes-realizadas--escuro--pagina--005.png;escuro;pagina;Historico cronologico de sessoes online realizadas;/portal-do-paciente;
CLARO\12. PORTAL PACIENTES - MODO CLARO E MODO ESCURO;Screenshot 2026-07-26 215954.png;portal-paciente--humor--grafico-de-tendencia-e-registro--escuro--pagina--006.png;escuro;pagina;Grafico de tendencia emocional e seletor do humor atual;/portal-do-paciente;
CLARO\12. PORTAL PACIENTES - MODO CLARO E MODO ESCURO;Screenshot 2026-07-26 220010.png;portal-paciente--humor--formulario-e-registros-recentes--escuro--pagina--007.png;escuro;pagina;Formulario para registrar humor e lista de registros recentes;/portal-do-paciente;
CLARO\12. PORTAL PACIENTES - MODO CLARO E MODO ESCURO;Screenshot 2026-07-26 220036.png;portal-paciente--neurodrive--anamnese-expirada-leitura--escuro--pagina--008.png;escuro;pagina;Anamnese expirada apresentada ao paciente em modo de leitura;/portal-do-paciente;
CLARO\12. PORTAL PACIENTES - MODO CLARO E MODO ESCURO;Screenshot 2026-07-26 220118.png;portal-paciente--neurodrive--notas-pessoais-editor--escuro--pagina--009.png;escuro;pagina;Lista e editor de notas pessoais privadas do paciente;/portal-do-paciente;
CLARO\12. PORTAL PACIENTES - MODO CLARO E MODO ESCURO;Screenshot 2026-07-26 220146.png;portal-paciente--progresso--missoes-concluidas--escuro--pagina--010.png;escuro;pagina;Painel de progresso com indicadores e missoes concluidas;/portal-do-paciente;
CLARO\12. PORTAL PACIENTES - MODO CLARO E MODO ESCURO;Screenshot 2026-07-26 220158.png;portal-paciente--neurofinance--pacote-ativo-e-sessoes--escuro--pagina--011.png;escuro;pagina;Pacote ativo com sessoes usadas restantes e investimento;/portal-do-paciente;
CLARO\2. AGENDA;Screenshot 2026-07-16 220501.png;agenda--documentacao--disponibilidade-de-documentos--claro--popover--001.png;claro;popover;Menu de disponibilidade dos documentos ligados ao atendimento;/agenda-para-psicologos;
CLARO\2. AGENDA;Screenshot 2026-07-16 220618.png;agenda--historico--linha-do-tempo-do-agendamento--claro--modal--002.png;claro;modal;Linha do tempo completa de alteracoes de um agendamento;/agenda-para-psicologos;
CLARO\2. AGENDA;Screenshot 2026-07-16 221148.png;agenda--calendario-mensal--dia-e-evento-selecionados--claro--popover--003.png;claro;popover;Calendario mensal com detalhes do dia e do evento selecionado;/agenda-para-psicologos;
CLARO\2. AGENDA;Screenshot 2026-07-26 211831.png;agenda--lista-de-espera--adicionar-paciente--claro--modal--004.png;claro;modal;Inclusao de paciente na lista de espera da agenda;/agenda-para-psicologos;
CLARO\2. AGENDA;Screenshot 2026-07-26 211937.png;agenda--lista-de-espera--horario-sugerido--claro--modal--005.png;claro;modal;Lista de espera com horario sugerido para o paciente;/agenda-para-psicologos;
CLARO\2. AGENDA;Screenshot 2026-07-26 211953.png;agenda--lista-de-espera--oferta-aguardando-resposta--claro--modal--006.png;claro;modal;Oferta de horario enviada e aguardando resposta do paciente;/agenda-para-psicologos;
CLARO\2. AGENDA;Screenshot 2026-07-26 212055.png;agenda--calendario-semanal--visao-completa--claro--pagina--007.png;claro;pagina;Visao semanal completa da agenda com os compromissos;/agenda-para-psicologos;
CLARO\2. AGENDA;Screenshot 2026-07-26 212413.png;agenda--novo-agendamento--etapa-01-selecionar-paciente--claro--modal--008.png;claro;modal;Primeira etapa do novo agendamento com seletor de paciente;/agenda-para-psicologos;
CLARO\2. AGENDA;Screenshot 2026-07-26 212503.png;agenda--novo-agendamento--recorrencia-mensal--claro--modal--009.png;claro;modal;Configuracao de recorrencia mensal para uma nova sessao;/agenda-para-psicologos;
CLARO\2. AGENDA;Screenshot 2026-07-26 212526.png;agenda--novo-agendamento--recorrencia-personalizada--claro--modal--010.png;claro;modal;Configuracao de recorrencia com periodicidade personalizada;/agenda-para-psicologos;
CLARO\2. AGENDA;Screenshot 2026-07-26 212613.png;agenda--novo-agendamento--etapa-02-tipo-de-sessao--claro--modal--011.png;claro;modal;Segunda etapa com selecao do tipo de sessao;/agenda-para-psicologos;
CLARO\2. AGENDA;Screenshot 2026-07-26 213039.png;agenda--novo-agendamento--etapa-04-pacote-e-remarcacao--claro--modal--012.png;claro;modal;Resumo final com validade de pacote e regras de remarcacao;/agenda-para-psicologos;
CLARO\2. AGENDA;Screenshot 2026-07-26 213117.png;agenda--novo-agendamento--etapa-04-datas-recorrentes-validas--claro--modal--013.png;claro;modal;Resumo final mostrando as datas validas da serie recorrente;/agenda-para-psicologos;
CLARO\2. AGENDA;Screenshot 2026-07-26 213206.png;agenda--novo-agendamento--etapa-04-recorrencia-e-modelo--claro--modal--014.png;claro;modal;Resumo da recorrencia com opcao de salvar como modelo;/agenda-para-psicologos;
CLARO\2. AGENDA;Screenshot 2026-07-26 213300.png;agenda--novo-agendamento--etapa-03-cobranca-neurofinance--claro--modal--015.png;claro;modal;Terceira etapa configurando a cobranca pelo NeuroFinance;/agenda-para-psicologos;
CLARO\2. AGENDA;Screenshot 2026-07-26 213309.png;agenda--novo-agendamento--etapa-04-resumo-online-e-cobranca--claro--modal--016.png;claro;modal;Resumo final de sessao online com detalhes de cobranca;/agenda-para-psicologos;
CLARO\2. AGENDA;Screenshot 2026-07-26 213639.png;agenda--novo-agendamento--etapa-04-resumo-presencial-e-cobranca--claro--modal--017.png;claro;modal;Resumo final de sessao presencial com detalhes de cobranca;/agenda-para-psicologos;
CLARO\2. AGENDA;Screenshot 2026-07-26 213746.png;agenda--novo-agendamento--serie-criada-com-sucesso--claro--modal--018.png;claro;modal;Confirmacao de criacao bem-sucedida de uma serie de sessoes;/agenda-para-psicologos;
CLARO\2. AGENDA;Screenshot 2026-07-26 214006.png;agenda--historico--criacao-e-cobranca-pix--claro--modal--019.png;claro;modal;Historico registrando criacao do agendamento e cobranca Pix;/agenda-para-psicologos;
CLARO\2. AGENDA;Screenshot 2026-07-26 214148.png;agenda--sessao--editar-e-remarcar--claro--modal--020.png;claro;modal;Ficha de sessao com opcoes para editar ou remarcar;/agenda-para-psicologos;
CLARO\2. AGENDA;Screenshot 2026-07-26 214158.png;agenda--sessao--cobranca-em-atraso--claro--modal--021.png;claro;modal;Ficha de sessao destacando uma cobranca em atraso;/agenda-para-psicologos;
CLARO\2. AGENDA;Screenshot 2026-07-26 214550.png;agenda--novo-compromisso--selecionar-categoria--claro--modal--022.png;claro;modal;Novo compromisso com seletor de categoria aberto;/agenda-para-psicologos;
CLARO\2. AGENDA;Screenshot 2026-07-26 214849.png;agenda--disponibilidade--grade-semanal--claro--pagina--023.png;claro;pagina;Grade semanal para configurar horarios de disponibilidade;/agenda-para-psicologos;
CLARO\2. AGENDA;Screenshot 2026-07-26 214859.png;agenda--politicas--regras-comerciais--claro--pagina--024.png;claro;pagina;Configuracao das politicas e regras comerciais da agenda;/agenda-para-psicologos;
CLARO\2. AGENDA;Screenshot 2026-07-26 214912.png;agenda--politicas--consequencia-de-falta--claro--popover--025.png;claro;popover;Seletor da consequencia aplicada em caso de falta;/agenda-para-psicologos;
CLARO\2. AGENDA;Screenshot 2026-07-26 214945.png;agenda--calendario-mensal--detalhes-do-dia--claro--popover--026.png;claro;popover;Visao mensal com popover de detalhes dos eventos do dia;/agenda-para-psicologos;
CLARO\2. AGENDA;Screenshot 2026-07-26 215046.png;agenda--remarcacao--confirmar-politicas--claro--modal--027.png;claro;modal;Confirmacao de remarcacao com exibicao das politicas aplicaveis;/agenda-para-psicologos;
CLARO\2. AGENDA;Screenshot 2026-07-26 215103.png;agenda--remarcacao--sucesso--claro--modal--028.png;claro;modal;Confirmacao de que a sessao foi remarcada com sucesso;/agenda-para-psicologos;
CLARO\2. AGENDA;Screenshot 2026-07-26 215149.png;agenda--calendario-diario--sessoes-agendadas--claro--pagina--029.png;claro;pagina;Visao diaria da agenda com sessoes marcadas;/agenda-para-psicologos;
CLARO\2. AGENDA;step 4 - resumo sessão e recorrência.png;agenda--novo-agendamento--etapa-04-resumo-recorrencia--claro--modal--030.png;claro;modal;Resumo final de uma sessao semanal recorrente;/agenda-para-psicologos;
CLARO\2. AGENDA;viewmensal-claro-desktop.png;agenda--calendario-mensal--visao-completa--claro--pagina--031.png;claro;pagina;Visao mensal completa da agenda em desktop;/agenda-para-psicologos;
CLARO\2. AGENDA;viewsemanal-sidebaresquerda1.png;agenda--calendario-semanal--resumo-lateral--claro--pagina--032.png;claro;pagina;Visao semanal com resumo de agenda na barra lateral;/agenda-para-psicologos;
CLARO\2. AGENDA;viewsemanal-sidebaresquerda2.png;agenda--calendario-semanal--filtros-laterais--claro--pagina--033.png;claro;pagina;Visao semanal com filtros de calendario na barra lateral;/agenda-para-psicologos;
CLARO\3. TELECONSULTA - PRÉ E PÓS-JOIN;Screenshot 2026-07-16 221200.png;teleconsulta--pre-entrada--camera-desligada-e-privacidade--claro--pagina--001.png;claro;pagina;Pre-entrada com camera desligada privacidade e botao iniciar;/teleconsulta-para-psicologos;
CLARO\3. TELECONSULTA - PRÉ E PÓS-JOIN;Screenshot 2026-07-16 221207.png;teleconsulta--pre-entrada--dispositivos-de-audio-e-video--claro--pagina--002.png;claro;pagina;Pre-entrada mostrando seletores de microfone camera e saida;/teleconsulta-para-psicologos;
CLARO\3. TELECONSULTA - PRÉ E PÓS-JOIN;Screenshot 2026-07-16 221220.png;teleconsulta--transcricao--consentimento-antes-de-iniciar--claro--modal--003.png;claro;modal;Consentimento para transcrever a teleconsulta antes da entrada;/transcricao-de-sessao-com-ia-para-psicologos;
CLARO\3. TELECONSULTA - PRÉ E PÓS-JOIN;Screenshot 2026-07-16 221235.png;teleconsulta--em-sessao--sem-transcricao--claro--pagina--004.png;claro;pagina;Sala de teleconsulta em andamento sem transcricao ativa;/teleconsulta-para-psicologos;
CLARO\3. TELECONSULTA - PRÉ E PÓS-JOIN;Screenshot 2026-07-16 221244.png;teleconsulta--pos-sessao--carregando-revisao-sem-transcricao--claro--pagina--005.png;claro;pagina;Pos-sessao carregando revisao de uma chamada sem transcricao;/teleconsulta-para-psicologos;
CLARO\3. TELECONSULTA - PRÉ E PÓS-JOIN;Screenshot 2026-07-16 221256.png;teleconsulta--pos-sessao--revisao-sem-dados-resumo--claro--pagina--006.png;claro;pagina;Topo da revisao pos-sessao sem dados de transcricao;/teleconsulta-para-psicologos;
CLARO\3. TELECONSULTA - PRÉ E PÓS-JOIN;Screenshot 2026-07-16 221306.png;teleconsulta--pos-sessao--detalhes-sem-dados--claro--pagina--007.png;claro;pagina;Detalhes e acordeoes da revisao sem dados de transcricao;/teleconsulta-para-psicologos;
CLARO\3. TELECONSULTA - PRÉ E PÓS-JOIN;Screenshot 2026-07-17 003921.png;teleconsulta--pos-sessao--carregando-revisao-com-transcricao--claro--pagina--008.png;claro;pagina;Revisao pos-sessao sendo gerada a partir da transcricao;/transcricao-de-sessao-com-ia-para-psicologos;
CLARO\3. TELECONSULTA - PRÉ E PÓS-JOIN;Screenshot 2026-07-17 003933.png;teleconsulta--pos-sessao--revisao-gerada-e-aviso-pendente--claro--pagina--009.png;claro;pagina;Revisao gerada com resumo clinico e aviso de salvamento pendente;/transcricao-de-sessao-com-ia-para-psicologos;
CLARO\3.TELECONSULTA - ABA PRINCIPAL;Screenshot 2026-07-16 213817.png;teleconsulta--visao-geral--proxima-sessao-e-contexto--claro--pagina--001.png;claro;pagina;Pagina principal com proxima sessao contexto e historico;/teleconsulta-para-psicologos;
CLARO\4. PACIENTES + NOVO PACIENTE;Screenshot 2026-07-16 213830.png;pacientes--lista--cartoes-de-pacientes--claro--pagina--001.png;claro;pagina;Grade de cartoes dos pacientes cadastrados;/pacientes-para-psicologos;
CLARO\4. PACIENTES + NOVO PACIENTE;Screenshot 2026-07-16 221407.png;pacientes--exclusao--confirmar-e-exportar-dados--claro--modal--002.png;claro;modal;Confirmacao de exclusao com opcao de exportar os dados;/pacientes-para-psicologos;
CLARO\4. PACIENTES + NOVO PACIENTE;Screenshot 2026-07-16 221415.png;pacientes--novo-prontuario--cadastro-rapido--claro--modal--003.png;claro;modal;Cadastro rapido para criar paciente e prontuario;/pacientes-para-psicologos;
CLARO\4. PACIENTES + NOVO PACIENTE;Screenshot 2026-07-16 221429.png;pacientes--novo-prontuario--cadastro-completo-financeiro-endereco--claro--modal--004.png;claro;modal;Cadastro completo nas secoes financeira e endereco;/pacientes-para-psicologos;
CLARO\4. PACIENTES + NOVO PACIENTE;Screenshot 2026-07-16 221438.png;pacientes--novo-prontuario--cadastro-completo-responsavel--claro--modal--005.png;claro;modal;Cadastro completo com dados adicionais e responsavel;/pacientes-para-psicologos;
CLARO\5. PRONTUÁRIO;Screenshot 2026-07-17 003432.png;prontuario--resumo--indicadores-clinicos-e-dados-do-paciente--claro--pagina--001.png;claro;pagina;Resumo superior do prontuario com indicadores clinicos e dados;/prontuario-para-psicologos;
CLARO\5. PRONTUÁRIO;Screenshot 2026-07-17 003514.png;prontuario--resumo--historico-synapse-whatsapp--claro--drawer--002.png;claro;drawer;Resumo inferior do prontuario com historico Synapse via WhatsApp;/software-para-psicologos-com-inteligencia-artificial;
CLARO\5. PRONTUÁRIO;Screenshot 2026-07-17 003525.png;prontuario--portal-paciente--enviar-convite--claro--modal--003.png;claro;modal;Convite para liberar o acesso do paciente ao portal;/portal-do-paciente;
CLARO\5. PRONTUÁRIO;Screenshot 2026-07-17 003604.png;prontuario--anamnese--selecionar-modelo--claro--modal--004.png;claro;modal;Galeria de modelos para iniciar uma anamnese;/anamnese-psicologica-digital;
CLARO\5. PRONTUÁRIO;Screenshot 2026-07-17 003735.png;prontuario--sessao--resumo-clinico-sem-dados--claro--pagina--005.png;claro;pagina;Cartao de resumo da sessao antes de haver dados gerados;/prontuario-para-psicologos;
CLARO\5. PRONTUÁRIO;Screenshot 2026-07-17 004124.png;prontuario--sessao--resumo-clinico-gerado-expandido--claro--pagina--006.png;claro;pagina;Resumo clinico de sessao preenchido e expandido;/prontuario-para-psicologos;
CLARO\5. PRONTUÁRIO;Screenshot 2026-07-17 004148.png;prontuario--anamnese--formulario-em-edicao--claro--pagina--007.png;claro;pagina;Formulario de anamnese aberto para preenchimento e edicao;/anamnese-psicologica-digital;
CLARO\5. PRONTUÁRIO;Screenshot 2026-07-17 004203.png;prontuario--humor--grafico-de-tendencia--claro--pagina--008.png;claro;pagina;Grafico de tendencia do humor registrado ao longo do tempo;/prontuario-para-psicologos;
CLARO\5. PRONTUÁRIO;Screenshot 2026-07-17 004211.png;prontuario--humor--historico-de-registros--claro--pagina--009.png;claro;pagina;Cartoes do historico detalhado de registros de humor;/prontuario-para-psicologos;
CLARO\5. PRONTUÁRIO;Screenshot 2026-07-17 004249.png;prontuario--relatorio-mensal--pre-visualizacao--claro--modal--010.png;claro;modal;Pre-visualizacao do relatorio mensal do paciente;/documentos-psicologicos-laudo-relatorio-atestado-declaracao;
CLARO\5. PRONTUÁRIO;Screenshot 2026-07-17 004310.png;prontuario--financeiro--movimentacoes-do-paciente--claro--pagina--011.png;claro;pagina;Movimentacoes financeiras vinculadas ao paciente;/gestao-financeira-para-psicologos;
CLARO\5. PRONTUÁRIO;Screenshot 2026-07-17 004319.png;prontuario--financeiro--cobrancas-do-paciente--claro--pagina--012.png;claro;pagina;Lista de cobrancas financeiras do paciente;/gestao-financeira-para-psicologos;
CLARO\5. PRONTUÁRIO;Screenshot 2026-07-17 004327.png;prontuario--fiscal--acoes-de-documentos-fiscais--claro--modal--013.png;claro;modal;Acoes para emitir ou arquivar documentos fiscais;/receita-saude-para-psicologos;
CLARO\5. PRONTUÁRIO;Screenshot 2026-07-17 004338.png;prontuario--fiscal--arquivar-nfse-externa--claro--modal--014.png;claro;modal;Formulario para arquivar uma NFS-e emitida externamente;/receita-saude-para-psicologos;
CLARO\5. PRONTUÁRIO;Screenshot 2026-07-17 004352.png;prontuario--fiscal--emitir-nfse-configuracao-automatica--claro--modal--015.png;claro;modal;Emissao de NFS-e usando configuracao fiscal automatica;/receita-saude-para-psicologos;
CLARO\5. PRONTUÁRIO;Screenshot 2026-07-17 004404.png;prontuario--arquivos--estado-vazio--claro--pagina--016.png;claro;pagina;Area de arquivos do paciente em estado vazio;/prontuario-para-psicologos;
CLARO\5. PRONTUÁRIO;Screenshot 2026-07-17 004435.png;prontuario--documentos-oficiais--editor-de-declaracao--claro--pagina--017.png;claro;pagina;Editor A4 de declaracao com seletor do tipo de documento;/documentos-psicologicos-laudo-relatorio-atestado-declaracao;
CLARO\5. PRONTUÁRIO;Screenshot 2026-07-17 004459.png;prontuario--historico--agendamento-criado-e-politica--claro--pagina--018.png;claro;pagina;Historico completo com criacao do atendimento e politica aplicada;/prontuario-para-psicologos;
CLARO\5. PRONTUÁRIO;Screenshot 2026-07-17 004539.png;prontuario--historico--remarcacao-recusada-e-resumo--claro--pagina--019.png;claro;pagina;Historico com remarcacao recusada pagamento e resumo clinico;/prontuario-para-psicologos;
CLARO\6. NEURODRIVE\1. NOTAS;MODO FOCO.png;neurodrive--notas--modo-foco-editor--claro--pagina--001.png;claro;pagina;Editor de nota ocupando a area principal no modo foco;/neurobox;
CLARO\6. NEURODRIVE\1. NOTAS;Screenshot 2026-07-16 213843.png;neurodrive--inicio--estado-vazio-com-navegacao--claro--pagina--002.png;claro;pagina;Inicio vazio do NeuroDrive com todas as areas na navegacao;/neurobox;
CLARO\6. NEURODRIVE\1. NOTAS;Screenshot 2026-07-16 213917.png;neurodrive--notas--lista-e-editor-em-tres-colunas--claro--pagina--003.png;claro;pagina;Notas em estrutura de navegacao lista e editor em tres colunas;/neurobox;
CLARO\6. NEURODRIVE\1. NOTAS;Screenshot 2026-07-17 004828.png;neurodrive--notas--lista-com-editor-vazio--claro--pagina--004.png;claro;pagina;Lista de notas com painel de edicao ainda vazio;/neurobox;
CLARO\6. NEURODRIVE\1. NOTAS;Screenshot 2026-07-17 005016.png;neurodrive--notas--modo-foco-com-synapse--claro--drawer--005.png;claro;drawer;Nota em modo foco com chat do Synapse aberto;/neurobox;
CLARO\6. NEURODRIVE\2. TAREFAS;Screenshot 2026-07-16 213853.png;neurodrive--tarefas--kanban-com-navegacao--claro--pagina--001.png;claro;pagina;Quadro Kanban de tarefas com navegacao completa do NeuroDrive;/neurobox;
CLARO\6. NEURODRIVE\2. TAREFAS;Screenshot 2026-07-17 005307.png;neurodrive--tarefas--kanban-navegacao-compacta--claro--pagina--002.png;claro;pagina;Quadro Kanban com navegacao lateral compactada;/neurobox;
CLARO\6. NEURODRIVE\2. TAREFAS;Screenshot 2026-07-17 005322.png;neurodrive--tarefas--lista-e-filtros-pendentes--claro--pagina--003.png;claro;pagina;Tarefas em lista com filtros e itens pendentes;/neurobox;
CLARO\6. NEURODRIVE\3. DOCUMENTOS;Screenshot 2026-07-17 005421.png;neurodrive--documentos--arquivos-de-pacientes--claro--pagina--001.png;claro;pagina;Grade de documentos e arquivos vinculados a pacientes;/neurobox;
CLARO\6. NEURODRIVE\4. INTEGRAÇÕES;Screenshot 2026-07-17 005347.png;neurodrive--integracoes--google-drive-e-notion--claro--modal--001.png;claro;modal;Integracoes com Google Drive indisponivel e Notion configuravel;/neurobox;
CLARO\6. NEURODRIVE\5. NEUROVIEW;2D.png;neuroview--grafo-2d--rede-com-paciente-e-nota--claro--pagina--001.png;claro;pagina;Grafo 2D de pacientes notas fluxos e tags com nota selecionada;/neurobox;
CLARO\6. NEURODRIVE\5. NEUROVIEW;3D.png;neuroview--grafo-3d--rede-completa-em-canvas--misto--pagina--002.png;misto;pagina;Grafo 3D em canvas escuro dentro da navegacao clara;/neurobox;
CLARO\6. NEURODRIVE\6. NEUROFLOW;Screenshot 2026-07-17 005832.png;neuroflow--canvas--mapa-clinico-com-diagnostico--claro--pagina--001.png;claro;pagina;Mapa visual de raciocinio clinico com blocos conexoes e diagnostico;/neurobox;
CLARO\6. NEURODRIVE\7. NEUROPULSE;1.png;neuropulse--sintese--construindo-analise--claro--estado--001.png;claro;estado;NeuroPulse processando o relato e construindo a sintese;/neurobox;
CLARO\6. NEURODRIVE\7. NEUROPULSE;2.png;neuropulse--sintese--seletor-de-abordagem--claro--popover--002.png;claro;popover;Seletor de abordagem terapeutica aberto antes da analise;/neurobox;
CLARO\6. NEURODRIVE\7. NEUROPULSE;3 - DIAGRAMA PRONTO.png;neuropulse--sintese--diagrama-clinico-pronto--claro--pagina--003.png;claro;pagina;Diagrama causal e clinico concluido pelo NeuroPulse;/neurobox;
CLARO\7. GESTÃO FINANCEIRA;Screenshot 2026-07-17 011210.png;gestao-financeira--visao-geral--regime-caixa--claro--pagina--001.png;claro;pagina;Visao financeira geral organizada pelo regime de caixa;/gestao-financeira-para-psicologos;
CLARO\7. GESTÃO FINANCEIRA;Screenshot 2026-07-17 011243.png;gestao-financeira--navegacao--menu-expandido-visao-geral--claro--drawer--002.png;claro;drawer;Menu lateral financeiro expandido sobre a visao geral;/gestao-financeira-para-psicologos;
CLARO\7. GESTÃO FINANCEIRA;Screenshot 2026-07-17 011308.png;gestao-financeira--novo-lancamento--receita-formulario--claro--modal--003.png;claro;modal;Formulario para registrar uma nova receita;/gestao-financeira-para-psicologos;
CLARO\7. GESTÃO FINANCEIRA;Screenshot 2026-07-17 011313.png;gestao-financeira--novo-lancamento--despesa-formulario--claro--modal--004.png;claro;modal;Formulario para registrar uma nova despesa;/gestao-financeira-para-psicologos;
CLARO\7. GESTÃO FINANCEIRA;Screenshot 2026-07-17 011333.png;gestao-financeira--cobranca-manual--sem-paciente-em-aberto--claro--modal--005.png;claro;modal;Cobranca manual antes de escolher paciente ou pacote;/gestao-financeira-para-psicologos;
CLARO\7. GESTÃO FINANCEIRA;Screenshot 2026-07-17 011346.png;gestao-financeira--cobranca-manual--paciente-e-pacote--claro--modal--006.png;claro;modal;Cobranca manual com paciente e pacote selecionados;/gestao-financeira-para-psicologos;
CLARO\7. GESTÃO FINANCEIRA;Screenshot 2026-07-17 011416.png;gestao-financeira--recorrencia--clinica-lista-pessoal-vazio--claro--pagina--007.png;claro;pagina;Recorrencias da clinica listadas e area pessoal vazia;/gestao-financeira-para-psicologos;
CLARO\7. GESTÃO FINANCEIRA;Screenshot 2026-07-17 011447.png;gestao-financeira--planejamento--metas-e-limites--claro--pagina--008.png;claro;pagina;Planejamento financeiro com metas limites e acompanhamento;/gestao-financeira-para-psicologos;
CLARO\8. NEUROFINANCE;Screenshot 2026-07-17 011601.png;neurofinance--area-pix-limites--menu-expandido--claro--drawer--001.png;claro;drawer;Area Pix e limites com navegacao financeira expandida;/neurofinance;
CLARO\8. NEUROFINANCE;Screenshot 2026-07-17 011659.png;neurofinance--conta-e-saldo--dashboard-com-cartao--claro--pagina--002.png;claro;pagina;Dashboard da conta com saldo atalhos e cartao financeiro;/neurofinance;
CLARO\8. NEUROFINANCE;Screenshot 2026-07-17 011715.png;neurofinance--pagar-boleto--etapa-01-consultar--claro--pagina--003.png;claro;pagina;Primeira etapa para consultar e pagar um boleto;/neurofinance;
CLARO\8. NEUROFINANCE;Screenshot 2026-07-17 011734.png;neurofinance--pagar-pix--etapa-01-consultar-codigo--claro--pagina--004.png;claro;pagina;Primeira etapa para colar e consultar um codigo Pix;/neurofinance;
CLARO\8. NEUROFINANCE;Screenshot 2026-07-17 011750.png;neurofinance--extrato--visualizacao-a4-impressao--claro--modal--005.png;claro;modal;Extrato em formato A4 pronto para imprimir ou exportar;/neurofinance;
CLARO\8. NEUROFINANCE;Screenshot 2026-07-17 011813.png;neurofinance--extrato--filtros-avancados--claro--modal--006.png;claro;modal;Filtros avancados para consultar movimentacoes do extrato;/neurofinance;
CLARO\8. NEUROFINANCE;Screenshot 2026-07-17 011827.png;neurofinance--pagamentos-agendados--resumo-e-historico--claro--pagina--007.png;claro;pagina;Resumo e historico dos pagamentos agendados;/neurofinance;
CLARO\8. NEUROFINANCE;Screenshot 2026-07-17 011926.png;neurofinance--area-pix--gerar-qr-code-com-menu--claro--pagina--008.png;claro;pagina;Tela para gerar QR Code Pix com menu lateral aberto;/neurofinance;
CLARO\8. NEUROFINANCE;Screenshot 2026-07-17 012034.png;neurofinance--nfse--configuracao-dados-fiscais--claro--pagina--009.png;claro;pagina;Configuracao dos dados fiscais usados na emissao de NFS-e;/receita-saude-para-psicologos;
CLARO\8. NEUROFINANCE;Screenshot 2026-07-17 012115.png;neurofinance--tarifas--custos-e-prazos--claro--pagina--010.png;claro;pagina;Tabela de tarifas custos operacionais e prazos;/neurofinance;
CLARO\8. NEUROFINANCE;Screenshot 2026-07-17 012136.png;neurofinance--saude-da-conta--cadastro-aprovado--claro--pagina--011.png;claro;pagina;Saude da conta com cadastro aprovado e verificacoes concluidas;/neurofinance;
CLARO\8. NEUROFINANCE;Screenshot 2026-07-17 012340.png;neurofinance--cobranca--etapa-02-confirmar-taxas--claro--modal--012.png;claro;modal;Segunda etapa da cobranca com revisao de valor e taxas;/pix-e-cobranca-automatica-para-psicologos;
CLARO\8. NEUROFINANCE;Screenshot 2026-07-17 012354.png;neurofinance--cobranca--etapa-03-gerada-qr-e-compartilhar--claro--modal--013.png;claro;modal;Cobranca gerada com QR Code e opcoes de compartilhamento;/pix-e-cobranca-automatica-para-psicologos;
CLARO\8. NEUROFINANCE;Screenshot 2026-07-17 012424.png;neurofinance--pagar-pix--etapa-02-revisao-saldo-insuficiente--claro--pagina--014.png;claro;pagina;Revisao de pagamento Pix sinalizando saldo insuficiente;/neurofinance;
CLARO\8. NEUROFINANCE;Screenshot 2026-07-17 012504.png;neurofinance--seguranca-da-conta--status-pin-e-saude--claro--pagina--015.png;claro;pagina;Painel de seguranca com status do PIN e saude da conta;/seguranca-e-etica;
CLARO\8. NEUROFINANCE;Screenshot 2026-07-17 012625.png;neurofinance--seguranca--conectar-google-authenticator--claro--modal--016.png;claro;modal;Conexao do Google Authenticator por QR Code;/seguranca-e-etica;
CLARO\8. NEUROFINANCE;Screenshot 2026-07-17 012642.png;neurofinance--pin-financeiro--etapa-01-confirmar-atual--claro--modal--017.png;claro;modal;Primeira etapa para confirmar ou trocar o PIN financeiro;/seguranca-e-etica;
CLARO\9. NEUROID;Screenshot 2026-07-17 012828.png;neuroid--identidade-profissional--editor-e-credencial--claro--pagina--001.png;claro;pagina;Editor da identidade profissional com pre-visualizacao da credencial;/produto;
CLARO\9. NEUROID;Screenshot 2026-07-17 012843.png;neuroid--compartilhar-perfil--qr-code-e-link--misto--modal--002.png;misto;modal;Modal de compartilhamento do perfil por QR Code e link;/produto;
CLARO\9. NEUROID;Screenshot 2026-07-17 012858.png;neuroid--perfil-publico--identidade-e-compartilhamento--claro--pagina--003.png;claro;pagina;Perfil publico profissional com identidade e compartilhamento;/produto;
ESCURO\1. DASHBOARD;1.png;dashboard--visao-geral--primeira-dobra-clinica-financeiro--escuro--pagina--001.png;escuro;pagina;Primeira dobra com saudacao agenda indicadores clinicos e financeiros;/produto;
ESCURO\1. DASHBOARD;2.png;dashboard--visao-geral--fluxo-financeiro-e-pendencias--escuro--pagina--002.png;escuro;pagina;Continuidade do dashboard com fluxo financeiro pendencias e atividade;/produto;
ESCURO\1. DASHBOARD;3.png;dashboard--synapse--chat-inicial-com-atalhos--escuro--drawer--003.png;escuro;drawer;Synapse aberto no estado inicial com comandos sugeridos;/synapse-ai;
ESCURO\1. DASHBOARD;4 COM SYNAPSE E HISTÓRICO ZAP BUSINESS.png;dashboard--synapse--historico-whatsapp-business--escuro--drawer--004.png;escuro;drawer;Historico de conversas do Synapse pelo WhatsApp Business;/synapse-ai;
ESCURO\1. DASHBOARD;4.png;dashboard--mensagem-institucional--carrossel-para-quem-cuida--escuro--painel--005.png;escuro;painel;Cartao institucional para quem cuida dentro do dashboard;/;
ESCURO\1. DASHBOARD;Screenshot 2026-07-17 013945.png;dashboard--visao-geral--agenda-financeiro-e-pendencias--escuro--pagina--006.png;escuro;pagina;Visao geral combinando agenda financeiro e pendencias;/produto;
ESCURO\1. DASHBOARD;Screenshot 2026-07-26 210811.png;dashboard--mensagem-institucional--carrossel-para-quem-cuida--misto--painel--007.png;misto;painel;Cartao claro para quem cuida inserido em estrutura escura;/;
ESCURO\1. DASHBOARD;Screenshot 2026-07-26 210820.png;dashboard--mensagem-institucional--carrossel-reflexao-do-dia--misto--painel--008.png;misto;painel;Cartao claro de reflexao do dia inserido em estrutura escura;/;
ESCURO\1. DASHBOARD;Screenshot 2026-07-26 211355.png;dashboard--notificacoes--lista-com-acoes-do-item--escuro--popover--009.png;escuro;popover;Central de notificacoes com menu de acoes de um item;/produto;
ESCURO\10. AJUSTES - SEGURANÇA;Screenshot 2026-07-17 170031.png;ajustes--login-e-seguranca--conectar-authenticator--escuro--modal--001.png;escuro;modal;Conexao de aplicativo autenticador em duas etapas;/seguranca-e-etica;
ESCURO\10. AJUSTES - SEGURANÇA;Screenshot 2026-07-17 170044.png;ajustes--login-e-seguranca--2fa-biometria-e-email--escuro--pagina--002.png;escuro;pagina;Opcoes de autenticacao em dois fatores biometria e email;/seguranca-e-etica;
ESCURO\10. AJUSTES - SEGURANÇA;Screenshot 2026-07-17 170135.png;ajustes--comunicacao--modelo-lembrete-email--escuro--pagina--003.png;escuro;pagina;Editor do modelo de lembrete enviado por email;/produto;
ESCURO\10. AJUSTES - SEGURANÇA;Screenshot 2026-07-17 170153.png;ajustes--neurofinance--seguranca-pin-e-saude-da-conta--escuro--pagina--004.png;escuro;pagina;Ajustes de seguranca financeira PIN e saude da conta;/seguranca-e-etica;
ESCURO\10. AJUSTES - SEGURANÇA;Screenshot 2026-07-17 170201.png;ajustes--integracoes--google-workspace-e-notion-ativos--escuro--pagina--005.png;escuro;pagina;Integracoes ativas com Google Workspace e Notion;/produto;
ESCURO\10. AJUSTES - SEGURANÇA;Screenshot 2026-07-17 170318.png;ajustes--dados-e-privacidade--backup-exportacao-e-exclusao--escuro--pagina--006.png;escuro;pagina;Controles de backup exportacao e exclusao de dados;/seguranca-e-etica;
ESCURO\11. ABA DE BUSCA GLOBAL;Screenshot 2026-07-26 220549.png;busca-global--inicio--sugestoes-de-atividade--escuro--modal--001.png;escuro;modal;Busca global vazia com sugestoes de atividades recentes;/produto;
ESCURO\11. ABA DE BUSCA GLOBAL;Screenshot 2026-07-26 220659.png;busca-global--resultados--agendamentos-com-selecao--escuro--modal--002.png;escuro;modal;Resultados globais de agendamentos com um item selecionado;/produto;
ESCURO\12. PORTAL PACIENTES - MODO CLARO E MODO ESCURO;Screenshot 2026-07-17 155306.png;duplicata-exata-001--portal-paciente--inicio-topo--escuro.png;escuro;duplicata;Copia binaria exata do topo inicial do portal;/portal-do-paciente;CLARO\12. PORTAL PACIENTES - MODO CLARO E MODO ESCURO\portal-paciente--inicio--saudacao-e-proximo-agendamento--escuro--pagina--001.png
ESCURO\12. PORTAL PACIENTES - MODO CLARO E MODO ESCURO;Screenshot 2026-07-17 155323.png;duplicata-exata-002--portal-paciente--inicio-boas-vindas--escuro.png;escuro;duplicata;Copia binaria exata do inicio com carrossel de boas-vindas;/portal-do-paciente;CLARO\12. PORTAL PACIENTES - MODO CLARO E MODO ESCURO\portal-paciente--inicio--atalhos-e-carrossel-boas-vindas--escuro--pagina--002.png
ESCURO\12. PORTAL PACIENTES - MODO CLARO E MODO ESCURO;Screenshot 2026-07-17 155331.png;duplicata-exata-003--portal-paciente--inicio-frase-do-dia--escuro.png;escuro;duplicata;Copia binaria exata do inicio com frase do dia;/portal-do-paciente;CLARO\12. PORTAL PACIENTES - MODO CLARO E MODO ESCURO\portal-paciente--inicio--atalhos-e-carrossel-frase-do-dia--escuro--pagina--003.png
ESCURO\12. PORTAL PACIENTES - MODO CLARO E MODO ESCURO;Screenshot 2026-07-17 155340.png;duplicata-exata-004--portal-paciente--sessoes-vazio--escuro.png;escuro;duplicata;Copia binaria exata da aba de sessoes sem horario futuro;/portal-do-paciente;CLARO\12. PORTAL PACIENTES - MODO CLARO E MODO ESCURO\portal-paciente--sessoes--agendamentos-sem-sessao-futura--escuro--pagina--004.png
ESCURO\12. PORTAL PACIENTES - MODO CLARO E MODO ESCURO;Screenshot 2026-07-26 215939.png;duplicata-exata-005--portal-paciente--sessoes-historico--escuro.png;escuro;duplicata;Copia binaria exata do historico de sessoes;/portal-do-paciente;CLARO\12. PORTAL PACIENTES - MODO CLARO E MODO ESCURO\portal-paciente--sessoes--historico-de-sessoes-realizadas--escuro--pagina--005.png
ESCURO\12. PORTAL PACIENTES - MODO CLARO E MODO ESCURO;Screenshot 2026-07-26 215954.png;duplicata-exata-006--portal-paciente--humor-grafico--escuro.png;escuro;duplicata;Copia binaria exata do grafico de humor;/portal-do-paciente;CLARO\12. PORTAL PACIENTES - MODO CLARO E MODO ESCURO\portal-paciente--humor--grafico-de-tendencia-e-registro--escuro--pagina--006.png
ESCURO\12. PORTAL PACIENTES - MODO CLARO E MODO ESCURO;Screenshot 2026-07-26 220010.png;duplicata-exata-007--portal-paciente--humor-formulario--escuro.png;escuro;duplicata;Copia binaria exata do formulario de humor;/portal-do-paciente;CLARO\12. PORTAL PACIENTES - MODO CLARO E MODO ESCURO\portal-paciente--humor--formulario-e-registros-recentes--escuro--pagina--007.png
ESCURO\12. PORTAL PACIENTES - MODO CLARO E MODO ESCURO;Screenshot 2026-07-26 220036.png;duplicata-exata-008--portal-paciente--anamnese-expirada--escuro.png;escuro;duplicata;Copia binaria exata da anamnese expirada;/portal-do-paciente;CLARO\12. PORTAL PACIENTES - MODO CLARO E MODO ESCURO\portal-paciente--neurodrive--anamnese-expirada-leitura--escuro--pagina--008.png
ESCURO\12. PORTAL PACIENTES - MODO CLARO E MODO ESCURO;Screenshot 2026-07-26 220118.png;duplicata-exata-009--portal-paciente--notas-pessoais--escuro.png;escuro;duplicata;Copia binaria exata do editor de notas pessoais;/portal-do-paciente;CLARO\12. PORTAL PACIENTES - MODO CLARO E MODO ESCURO\portal-paciente--neurodrive--notas-pessoais-editor--escuro--pagina--009.png
ESCURO\12. PORTAL PACIENTES - MODO CLARO E MODO ESCURO;Screenshot 2026-07-26 220146.png;duplicata-exata-010--portal-paciente--missoes--escuro.png;escuro;duplicata;Copia binaria exata das missoes concluidas;/portal-do-paciente;CLARO\12. PORTAL PACIENTES - MODO CLARO E MODO ESCURO\portal-paciente--progresso--missoes-concluidas--escuro--pagina--010.png
ESCURO\12. PORTAL PACIENTES - MODO CLARO E MODO ESCURO;Screenshot 2026-07-26 220158.png;duplicata-exata-011--portal-paciente--pacote-ativo--escuro.png;escuro;duplicata;Copia binaria exata do pacote financeiro ativo;/portal-do-paciente;CLARO\12. PORTAL PACIENTES - MODO CLARO E MODO ESCURO\portal-paciente--neurofinance--pacote-ativo-e-sessoes--escuro--pagina--011.png
ESCURO\2. AGENDA;notificações-modo-escuro.png;agenda--notificacoes--filtro-e-acoes--escuro--popover--001.png;escuro;popover;Central de notificacoes da agenda com filtro e acoes;/agenda-para-psicologos;
ESCURO\2. AGENDA;Screenshot 2026-07-17 014123.png;agenda--calendario-semanal--sessoes-agendadas--escuro--pagina--002.png;escuro;pagina;Visao semanal com sessoes distribuidas no calendario;/agenda-para-psicologos;
ESCURO\2. AGENDA;Screenshot 2026-07-17 014133.png;agenda--calendario-semanal--resumo-lateral--escuro--pagina--003.png;escuro;pagina;Visao semanal com resumo de agenda na barra lateral;/agenda-para-psicologos;
ESCURO\2. AGENDA;Screenshot 2026-07-17 014147.png;agenda--calendario-diario--estado-vazio--escuro--pagina--004.png;escuro;pagina;Visao diaria sem compromissos no horario mostrado;/agenda-para-psicologos;
ESCURO\2. AGENDA;Screenshot 2026-07-17 014222.png;agenda--calendario-mensal--resumo-lateral--escuro--pagina--005.png;escuro;pagina;Visao mensal com resumo e mini calendario lateral;/agenda-para-psicologos;
ESCURO\2. AGENDA;Screenshot 2026-07-17 014230.png;agenda--novo-agendamento--etapa-01-dados-vazios--escuro--modal--006.png;escuro;modal;Primeira etapa vazia do formulario de novo agendamento;/agenda-para-psicologos;
ESCURO\2. AGENDA;Screenshot 2026-07-17 014246.png;agenda--novo-agendamento--recorrencia-semanal--escuro--modal--007.png;escuro;modal;Configuracao de recorrencia semanal para a sessao;/agenda-para-psicologos;
ESCURO\2. AGENDA;Screenshot 2026-07-17 014300.png;agenda--novo-agendamento--etapa-02-primeira-consulta-online--escuro--modal--008.png;escuro;modal;Segunda etapa configurada como primeira consulta online;/agenda-para-psicologos;
ESCURO\2. AGENDA;Screenshot 2026-07-17 014308.png;agenda--novo-agendamento--etapa-03-revisar-recorrencia--escuro--modal--009.png;escuro;modal;Terceira etapa revisando os dados da recorrencia;/agenda-para-psicologos;
ESCURO\2. AGENDA;Screenshot 2026-07-17 014341.png;agenda--sessao--realizada-e-recorrente--escuro--modal--010.png;escuro;modal;Ficha de uma sessao realizada pertencente a serie recorrente;/agenda-para-psicologos;
ESCURO\2. AGENDA;Screenshot 2026-07-17 014350.png;agenda--historico--datas-e-convite-do-paciente--escuro--modal--011.png;escuro;modal;Historico com datas da sessao e convite enviado ao paciente;/agenda-para-psicologos;
ESCURO\2. AGENDA;Screenshot 2026-07-17 014408.png;agenda--disponibilidade--grade-semanal--escuro--pagina--012.png;escuro;pagina;Grade semanal para configurar horarios de disponibilidade;/agenda-para-psicologos;
ESCURO\2. AGENDA;Screenshot 2026-07-17 014419.png;agenda--politicas--regras-comerciais-inicio--escuro--pagina--013.png;escuro;pagina;Parte superior das configuracoes de politicas comerciais;/agenda-para-psicologos;
ESCURO\2. AGENDA;Screenshot 2026-07-17 014425.png;agenda--politicas--consequencias-e-cancelamento--escuro--pagina--014.png;escuro;pagina;Consequencias de falta cancelamento e remarcacao;/agenda-para-psicologos;
ESCURO\2. AGENDA;Screenshot 2026-07-26 214955.png;agenda--calendario-mensal--detalhes-do-agendamento--escuro--popover--015.png;escuro;popover;Popover de um agendamento dentro da visao mensal;/agenda-para-psicologos;
ESCURO\2. AGENDA;Screenshot 2026-07-26 215002.png;agenda--calendario-mensal--visao-completa--escuro--pagina--016.png;escuro;pagina;Visao mensal completa da agenda em desktop;/agenda-para-psicologos;
ESCURO\2. AGENDA;Screenshot 2026-07-26 215030.png;agenda--remarcacao--confirmar-politicas--escuro--modal--017.png;escuro;modal;Confirmacao de remarcacao com politicas aplicaveis;/agenda-para-psicologos;
ESCURO\2. AGENDA;Screenshot 2026-07-26 215139.png;agenda--calendario-diario--sessoes-agendadas--escuro--pagina--018.png;escuro;pagina;Visao diaria da agenda com sessoes marcadas;/agenda-para-psicologos;
ESCURO\2. AGENDA;Screenshot 2026-07-26 215241.png;agenda--calendario-semanal--resumo-lateral-alternativo--escuro--pagina--019.png;escuro;pagina;Visao semanal com segunda composicao do resumo lateral;/agenda-para-psicologos;
ESCURO\2. AGENDA;Screenshot 2026-07-26 215248.png;agenda--calendario-semanal--filtros-laterais--escuro--pagina--020.png;escuro;pagina;Visao semanal com filtros de calendario na barra lateral;/agenda-para-psicologos;
ESCURO\3. TELECONSULTA - ABA PRINCIPAL;Screenshot 2026-07-17 014502.png;teleconsulta--visao-geral--proxima-sessao-e-contexto--escuro--pagina--001.png;escuro;pagina;Pagina principal com proxima sessao contexto e historico;/teleconsulta-para-psicologos;
ESCURO\3. TELECONSULTA - PRÉ E PÓS-JOIN;Screenshot 2026-07-17 014517.png;teleconsulta--pre-entrada--camera-desligada-e-privacidade--escuro--pagina--001.png;escuro;pagina;Pre-entrada com camera desligada privacidade e botao iniciar;/teleconsulta-para-psicologos;
ESCURO\3. TELECONSULTA - PRÉ E PÓS-JOIN;Screenshot 2026-07-17 014524.png;teleconsulta--pre-entrada--dispositivos-de-audio-e-video--escuro--pagina--002.png;escuro;pagina;Pre-entrada mostrando seletores de microfone camera e saida;/teleconsulta-para-psicologos;
ESCURO\3. TELECONSULTA - PRÉ E PÓS-JOIN;Screenshot 2026-07-17 014541.png;teleconsulta--em-sessao--transcricao-concluida--escuro--pagina--003.png;escuro;pagina;Sala em sessao com captura e transcricao concluidas;/transcricao-de-sessao-com-ia-para-psicologos;
ESCURO\3. TELECONSULTA - PRÉ E PÓS-JOIN;Screenshot 2026-07-17 014606.png;teleconsulta--pos-sessao--carregando-revisao--escuro--pagina--004.png;escuro;pagina;Revisao pos-sessao em estado de carregamento;/teleconsulta-para-psicologos;
ESCURO\3. TELECONSULTA - PRÉ E PÓS-JOIN;Screenshot 2026-07-17 014619.png;teleconsulta--pos-sessao--revisao-gerada-resumo--escuro--pagina--005.png;escuro;pagina;Topo da revisao gerada com resumo clinico da sessao;/transcricao-de-sessao-com-ia-para-psicologos;
ESCURO\3. TELECONSULTA - PRÉ E PÓS-JOIN;Screenshot 2026-07-17 014630.png;teleconsulta--pos-sessao--revisao-gerada-detalhes--escuro--pagina--006.png;escuro;pagina;Detalhes da revisao com transcricao e secoes clinicas;/transcricao-de-sessao-com-ia-para-psicologos;
ESCURO\3. TELECONSULTA - PRÉ E PÓS-JOIN;Screenshot 2026-07-17 014720.png;teleconsulta--transcricao--consentimento-antes-de-iniciar--escuro--modal--007.png;escuro;modal;Consentimento para transcrever a teleconsulta antes da entrada;/transcricao-de-sessao-com-ia-para-psicologos;
ESCURO\4. PACIENTES + NOVO PACIENTE;Screenshot 2026-07-17 014815.png;pacientes--lista--cartoes-de-pacientes--escuro--pagina--001.png;escuro;pagina;Grade de cartoes dos pacientes cadastrados;/pacientes-para-psicologos;
ESCURO\4. PACIENTES + NOVO PACIENTE;Screenshot 2026-07-17 014824.png;pacientes--novo-prontuario--cadastro-rapido--escuro--modal--002.png;escuro;modal;Cadastro rapido para criar paciente e prontuario;/pacientes-para-psicologos;
ESCURO\4. PACIENTES + NOVO PACIENTE;Screenshot 2026-07-17 014834.png;pacientes--novo-prontuario--cadastro-completo--escuro--modal--003.png;escuro;modal;Formulario completo para cadastrar paciente e prontuario;/pacientes-para-psicologos;
ESCURO\5. PRONTUÁRIO;Screenshot 2026-07-17 014909.png;prontuario--resumo--indicadores-clinicos-e-dados-do-paciente--escuro--pagina--001.png;escuro;pagina;Resumo superior do prontuario com indicadores clinicos e dados;/prontuario-para-psicologos;
ESCURO\5. PRONTUÁRIO;Screenshot 2026-07-17 014924.png;prontuario--historico--remarcacao-recusada--escuro--pagina--002.png;escuro;pagina;Historico completo destacando uma remarcacao recusada;/prontuario-para-psicologos;
ESCURO\5. PRONTUÁRIO;Screenshot 2026-07-17 014942.png;prontuario--sessao--resumo-clinico-gerado--escuro--pagina--003.png;escuro;pagina;Resumo clinico de sessao preenchido pela plataforma;/prontuario-para-psicologos;
ESCURO\5. PRONTUÁRIO;Screenshot 2026-07-17 014957.png;prontuario--anamnese--formulario-em-edicao--escuro--pagina--004.png;escuro;pagina;Formulario de anamnese aberto para preenchimento e edicao;/anamnese-psicologica-digital;
ESCURO\5. PRONTUÁRIO;Screenshot 2026-07-17 015005.png;prontuario--anamnese--selecionar-modelo--escuro--modal--005.png;escuro;modal;Galeria de modelos para iniciar uma anamnese;/anamnese-psicologica-digital;
ESCURO\5. PRONTUÁRIO;Screenshot 2026-07-17 015013.png;prontuario--humor--grafico-de-tendencia--escuro--pagina--006.png;escuro;pagina;Grafico de tendencia do humor registrado ao longo do tempo;/prontuario-para-psicologos;
ESCURO\5. PRONTUÁRIO;Screenshot 2026-07-17 015025.png;prontuario--objetivos-terapeuticos--progresso-parcial--escuro--pagina--007.png;escuro;pagina;Objetivos terapeuticos com progresso parcial do plano;/prontuario-para-psicologos;
ESCURO\5. PRONTUÁRIO;Screenshot 2026-07-17 015033.png;prontuario--planos-e-pacotes--visao-do-paciente--escuro--pagina--008.png;escuro;pagina;Planos e pacotes de sessoes vinculados ao paciente;/gestao-financeira-para-psicologos;
ESCURO\5. PRONTUÁRIO;Screenshot 2026-07-17 015041.png;prontuario--financeiro--movimentacoes-do-paciente--escuro--pagina--009.png;escuro;pagina;Movimentacoes financeiras vinculadas ao paciente;/gestao-financeira-para-psicologos;
ESCURO\5. PRONTUÁRIO;Screenshot 2026-07-17 015048.png;prontuario--arquivos--documento-pdf-compartilhado--escuro--pagina--010.png;escuro;pagina;Arquivo PDF compartilhado e armazenado no prontuario;/prontuario-para-psicologos;
ESCURO\5. PRONTUÁRIO;Screenshot 2026-07-17 015135.png;prontuario--fiscal--acoes-de-documentos-fiscais--escuro--modal--011.png;escuro;modal;Acoes para emitir ou arquivar documentos fiscais;/receita-saude-para-psicologos;
ESCURO\5. PRONTUÁRIO;Screenshot 2026-07-17 015143.png;prontuario--fiscal--arquivar-nfse-externa--escuro--modal--012.png;escuro;modal;Formulario para arquivar uma NFS-e emitida externamente;/receita-saude-para-psicologos;
ESCURO\5. PRONTUÁRIO;Screenshot 2026-07-17 015151.png;prontuario--financeiro--cobrancas-do-paciente--escuro--pagina--013.png;escuro;pagina;Lista de cobrancas financeiras do paciente;/gestao-financeira-para-psicologos;
ESCURO\5. PRONTUÁRIO;Screenshot 2026-07-17 015159.png;prontuario--portal-paciente--enviar-convite--escuro--modal--014.png;escuro;modal;Convite para liberar o acesso do paciente ao portal;/portal-do-paciente;
ESCURO\5. PRONTUÁRIO;Screenshot 2026-07-17 015219.png;prontuario--documentos-oficiais--editor-de-declaracao--escuro--pagina--015.png;escuro;pagina;Editor A4 de declaracao com seletor do tipo de documento;/documentos-psicologicos-laudo-relatorio-atestado-declaracao;
ESCURO\6. NEURODRIVE;Screenshot 2026-07-17 010750.png;neurodrive--notas--modo-foco-com-synapse--escuro--drawer--001.png;escuro;drawer;Nota em modo foco com chat do Synapse aberto;/neurobox;
ESCURO\6. NEURODRIVE;Screenshot 2026-07-17 010832.png;neurodrive--notas--modo-foco-texto-rolado--escuro--pagina--002.png;escuro;pagina;Editor de nota no modo foco em uma posicao rolada do texto;/neurobox;
ESCURO\6. NEURODRIVE;Screenshot 2026-07-17 161708.png;neurodrive--notas--lista-e-editor-em-tres-colunas--escuro--pagina--003.png;escuro;pagina;Notas em estrutura de navegacao lista e editor em tres colunas;/neurobox;
ESCURO\6. NEURODRIVE;Screenshot 2026-07-17 161744.png;neurodrive--tarefas--kanban-com-filtros--escuro--pagina--004.png;escuro;pagina;Quadro Kanban de tarefas com filtros na barra lateral;/neurobox;
ESCURO\6. NEURODRIVE;Screenshot 2026-07-17 161805.png;neurodrive--tarefas--lista-com-filtros--escuro--pagina--005.png;escuro;pagina;Tarefas em formato de lista com filtros laterais;/neurobox;
ESCURO\6. NEURODRIVE;Screenshot 2026-07-17 162337.png;neuroview--grafo-2d--paciente-e-nota-em-foco--escuro--pagina--006.png;escuro;pagina;Grafo 2D com paciente e nota relacionados em foco;/neurobox;
ESCURO\6. NEURODRIVE;Screenshot 2026-07-17 162348.png;neuroview--grafo-2d--rede-deslocada-com-nota--escuro--pagina--007.png;escuro;pagina;Grafo 2D deslocado no canvas com painel de nota aberto;/neurobox;
ESCURO\6. NEURODRIVE;Screenshot 2026-07-17 162401.png;neuroview--grafo-2d--paciente-com-conexoes-clinicas--escuro--pagina--008.png;escuro;pagina;Paciente selecionado com varias conexoes clinicas rotuladas;/neurobox;
ESCURO\6. NEURODRIVE;Screenshot 2026-07-17 162437.png;neuroview--grafo-2d--no-selecionado-em-tela-cheia--escuro--pagina--009.png;escuro;pagina;No selecionado e seus controles no grafo em tela cheia;/neurobox;
ESCURO\6. NEURODRIVE;Screenshot 2026-07-17 162612.png;neuroview--grafo-2d--problema-e-tags-selecionados--escuro--pagina--010.png;escuro;pagina;Nota de problema selecionada com tags e ligacao ao paciente;/neurobox;
ESCURO\6. NEURODRIVE;Screenshot 2026-07-17 162648.png;neuroview--grafo-2d--busca-filtrada-com-nota--escuro--pagina--011.png;escuro;pagina;Busca textual filtrando a rede 2D com nota aberta;/neurobox;
ESCURO\6. NEURODRIVE;Screenshot 2026-07-17 162743.png;neuroview--grafo-3d--rede-completa-e-legenda--escuro--pagina--012.png;escuro;pagina;Rede 3D completa com legenda e retorno para a visao 2D;/neurobox;
ESCURO\6. NEURODRIVE;Screenshot 2026-07-17 162758.png;neuroview--grafo-3d--paciente-e-fluxo-selecionados--escuro--pagina--013.png;escuro;pagina;Grafo 3D destacando um paciente e seu fluxo de pensamento;/neurobox;
ESCURO\6. NEURODRIVE;Screenshot 2026-07-17 162829.png;neuroview--grafo-3d--fluxo-em-foco-tela-cheia--escuro--pagina--014.png;escuro;pagina;Fluxo selecionado no grafo 3D em enquadramento de tela cheia;/neurobox;
ESCURO\6. NEURODRIVE;Screenshot 2026-07-17 162858.png;neuroview--grafo-3d--rede-integrada-na-navegacao--escuro--pagina--015.png;escuro;pagina;Grafo 3D exibido dentro da navegacao completa do NeuroDrive;/neurobox;
ESCURO\6. NEURODRIVE;Screenshot 2026-07-17 162939.png;neuroflow--canvas--mapa-clinico-com-diagnostico--escuro--pagina--016.png;escuro;pagina;Mapa visual de raciocinio clinico com diagnostico e intervencoes;/neurobox;
ESCURO\6. NEURODRIVE;Screenshot 2026-07-17 162949.png;neuroflow--biblioteca--notas-livre-e-vinculada--escuro--modal--017.png;escuro;modal;Biblioteca do NeuroFlow nos blocos nota livre e nota vinculada;/neurobox;
ESCURO\6. NEURODRIVE;Screenshot 2026-07-17 163013.png;neuroflow--biblioteca--blocos-clinicos--escuro--modal--018.png;escuro;modal;Biblioteca rolada nos blocos paciente hipotese evidencia e gatilho;/neurobox;
ESCURO\6. NEURODRIVE;Screenshot 2026-07-17 163023.png;neuroflow--biblioteca--minhas-notas--escuro--modal--019.png;escuro;modal;Biblioteca do NeuroFlow na aba de notas existentes;/neurobox;
ESCURO\6. NEURODRIVE;Screenshot 2026-07-17 163147.png;neuropulse--sintese--relato-preenchido-resultado-vazio--escuro--pagina--020.png;escuro;pagina;Relato preenchido antes de selecionar paciente e analisar;/neurobox;
ESCURO\6. NEURODRIVE;Screenshot 2026-07-17 163202.png;neuropulse--sintese--seletor-de-abordagem--escuro--popover--021.png;escuro;popover;Seletor com abordagens terapeuticas para orientar a sintese;/neurobox;
ESCURO\6. NEURODRIVE;Screenshot 2026-07-17 163208.png;neuropulse--sintese--construindo-analise--escuro--estado--022.png;escuro;estado;NeuroPulse organizando relacoes contexto e hipoteses;/neurobox;
ESCURO\6. NEURODRIVE;Screenshot 2026-07-17 163229.png;neuropulse--sintese--diagrama-clinico-pronto--escuro--pagina--023.png;escuro;pagina;Diagrama clinico TCC pronto com controles de exportacao;/neurobox;
ESCURO\7. GESTÃO FINANCEIRA;Screenshot 2026-07-17 163508.png;gestao-financeira--visao-geral--regime-competencia--escuro--pagina--001.png;escuro;pagina;Visao financeira geral organizada pelo regime de competencia;/gestao-financeira-para-psicologos;
ESCURO\7. GESTÃO FINANCEIRA;Screenshot 2026-07-17 163515.png;gestao-financeira--novo-lancamento--receita-formulario--escuro--modal--002.png;escuro;modal;Formulario para registrar uma nova receita;/gestao-financeira-para-psicologos;
ESCURO\7. GESTÃO FINANCEIRA;Screenshot 2026-07-17 163614.png;gestao-financeira--cobranca-manual--sem-paciente-em-aberto--escuro--modal--003.png;escuro;modal;Cobranca manual antes de escolher paciente ou pacote;/gestao-financeira-para-psicologos;
ESCURO\7. GESTÃO FINANCEIRA;Screenshot 2026-07-17 163636.png;gestao-financeira--cobranca-manual--paciente-destino-neurofinance--escuro--modal--004.png;escuro;modal;Cobranca manual com paciente e destino NeuroFinance;/gestao-financeira-para-psicologos;
ESCURO\7. GESTÃO FINANCEIRA;Screenshot 2026-07-17 163720.png;gestao-financeira--lancamentos--lista-com-menu-expandido--escuro--drawer--005.png;escuro;drawer;Lista de lancamentos com menu financeiro expandido;/gestao-financeira-para-psicologos;
ESCURO\7. GESTÃO FINANCEIRA;Screenshot 2026-07-17 163748.png;gestao-financeira--planejamento--metas-e-limites--escuro--pagina--006.png;escuro;pagina;Planejamento financeiro com metas limites e acompanhamento;/gestao-financeira-para-psicologos;
ESCURO\8. NEUROFINANCE;Screenshot 2026-07-17 163804.png;neurofinance--conta-e-saldo--dashboard-cartao-mascarado--escuro--pagina--001.png;escuro;pagina;Dashboard da conta com saldo e dados do cartao mascarados;/neurofinance;
ESCURO\8. NEUROFINANCE;Screenshot 2026-07-17 163813.png;neurofinance--conta-e-saldo--cartao-verso-dados-conta--escuro--estado--002.png;escuro;estado;Verso do cartao exibindo dados bancarios da conta;/neurofinance;
ESCURO\8. NEUROFINANCE;Screenshot 2026-07-17 163829.png;neurofinance--pagar-pix--etapa-01-codigo-preenchido--escuro--pagina--003.png;escuro;pagina;Primeira etapa do Pix com codigo de pagamento preenchido;/neurofinance;
ESCURO\8. NEUROFINANCE;Screenshot 2026-07-17 163843.png;neurofinance--area-pix--minhas-chaves-lista--escuro--pagina--004.png;escuro;pagina;Lista de chaves Pix cadastradas na conta;/neurofinance;
ESCURO\8. NEUROFINANCE;Screenshot 2026-07-17 163920.png;neurofinance--pagar-pix--etapa-01-com-menu-expandido--escuro--drawer--005.png;escuro;drawer;Primeira etapa do pagamento Pix com menu lateral aberto;/neurofinance;
ESCURO\8. NEUROFINANCE;Screenshot 2026-07-17 163942.png;neurofinance--cobrancas--lista-com-menu-expandido--escuro--drawer--006.png;escuro;drawer;Lista de cobrancas com navegacao financeira expandida;/pix-e-cobranca-automatica-para-psicologos;
ESCURO\8. NEUROFINANCE;Screenshot 2026-07-17 164003.png;neurofinance--pagamentos-agendados--resumo-com-menu--escuro--drawer--007.png;escuro;drawer;Resumo dos pagamentos agendados com menu expandido;/neurofinance;
ESCURO\8. NEUROFINANCE;Screenshot 2026-07-17 164032.png;neurofinance--saude-da-conta--cadastro-aprovado--escuro--pagina--008.png;escuro;pagina;Saude da conta com cadastro aprovado e verificacoes concluidas;/neurofinance;
ESCURO\9. NEUROID;Screenshot 2026-07-17 165221.png;neuroid--identidade-profissional--synapse-chat-aberto--escuro--drawer--001.png;escuro;drawer;Identidade profissional com chat do Synapse aberto;/produto;
ESCURO\9. NEUROID;Screenshot 2026-07-17 170019.png;neuroid--identidade-profissional--editor-e-credencial--escuro--pagina--002.png;escuro;pagina;Editor da identidade profissional com pre-visualizacao da credencial;/produto;
ESCURO\9. NEUROID;Screenshot 2026-07-17 170350.png;neuroid--perfil-publico--identidade-e-compartilhamento--escuro--pagina--003.png;escuro;pagina;Perfil publico profissional com identidade e compartilhamento;/produto;
ESCURO\13. SYNAPSE AI;Screenshot 2026-07-27 002540.png;synapse--inicio--sugestoes-de-acoes--escuro--pagina--001.png;escuro;pagina;Tela inicial do Synapse com sugestões de tarefas;/synapse;
ESCURO\13. SYNAPSE AI;Screenshot 2026-07-27 002609.png;synapse--chat--resumo-da-agenda-em-processamento--escuro--estado--002.png;escuro;estado;Resumo da agenda sendo preparado pelo Synapse;/synapse;
ESCURO\13. SYNAPSE AI;Screenshot 2026-07-27 002628.png;synapse--voz--ouvindo-comando--escuro--modal--003.png;escuro;modal;Comando de voz sendo ouvido pelo Synapse;/synapse;
